ID	Name	Effect	Description	Technical Description	Power	Units	Tier	Compatibility														Start of game lock status	Name	Found On Islands	Island Spawn Chance	Found on Traders	On-trader Spawn Chance
								Power unit	Engine	Sensor system	Mass driver	R&D lab	Hangar	Production	Service	Housing	Weapon	Energy	Reckon	Freighter	Submarine						
art_01	Art of Trade	Trader items cost 50% less	An ancient talisman infused with charisma that affects all creatures in medium radius.	Improvement of rates at which trader buys from player	50.0	%	S													y		Unlocked	Trader items cost 50% less	Floating Cubes, Onion		Knidaria	
art_02	Phantom Replicator	10% chance not to consume resource	A device that randomly manifests a double of an item within specific area.	Each time resource is about to be consumed, a virtual D100 is rolled to check if the resource stays unused instead	10.0	%	S		y	y	y	y	y	y			y	y				Unlocked	10% chance not to consume resource	Statue, Onion		Nasobi	
art_03	Structural Rearranger	Max efficiency for production and service lines	Increases gaps within atomic grid of the item within a certain area, that increases its spacial size.	All service or production lines become maximum efficiency			S	y						y	y			y				Unlocked	Max efficiency for production and service lines	Statue, Floating Cubes		Nasobi	
art_04	Architectural Optimizer	+25% shooting speed	Improves the movement of mechanical and electric components allowing for faster weapons.	Projectiles shooting speed is increased at this percent from initial value	25.0	%	A										y					Unlocked	+25% shooting speed	Purple Island, Sandstone Rock Pillar		Crabari	
art_05	Warp Accelerator	+30% movement speed	Creates a brief warp field in a medium area that helps propelling vehicle faster.	Engine or units speed is increased by this percent from initial value	30.0	%	A		y										y	y	y	Unlocked	+30% movement speed	Pointy Rocks, Volcanic Island		Mistralid	
art_06	Black Goo	+100% integrity	Fills microcracks in constructive materials within big area, increasing their integrity.	Percent by which health of individual unit or building is increased (from initial value)	100.0	%	A	y	y	y	y	y	y	y	y	y	y	y	y	y	y	Unlocked	+100% integrity	Old Volcano Island, Asteroidal Island		Crabari	
art_07	Shock Amplifier	+50% range	Induces vibration of air molecules that helps propelling particles and scanning waves farther.	Distance increase by percentage from the initial value	50.0	%	A			y	y						y		y		y	Unlocked	+50% range	Glaciers, Estuary Island		Crabari	
art_08	Magnetic Intensifier	+30% energy damage dealt	Creates tension that amplifies oscillation frequency within electric field.	Percent at which damage fromelectic field is increased (without increase in resource consumption).													y					Unlocked	+30% energy damage dealt	Pointy Rocks, Swamp Island		Aetherid	
art_09	Vacuum Drive	+50% physical damage dealt	Reduces friction with air molecules in a small area, increasing kinetic force of fast-moving projectiles.	Percent at which damage from each projectile is increased.	50.0	%	A										y					Unlocked	+50% physical damage dealt	Swamp Island, Spire Island		Crabari	
art_10	Sonic Emanator	+4 crew morale per hour	An orb that emanates divine music uplifting the mood of creatures in proximity.	Assigned crew and clients get this amount of morale per in-game hour	4.0	morale per hour	A					y	y	y	y	y	y	y	y	y	y	Unlocked	+4 crew morale per hour	Pointy Rocks, Sandstone Rock Pillar		Knidaria	
art_11	Autocompactor	+5 storage slots	A standalone device that compacts and aligns the items in the most efficient way.	Buildings' or units' storage is increased by this amount of slots	5.0	slots	A					y	y	y	y	y	y	y	y	y	y	Unlocked	+5 storage slots	Purple Island, Old Volcano Island		Mistralid	
art_12	Satiator	+6 morale from food per charge	Amplifies vibrational patterns in molecular structure of organic products increasing their sensoric properties.	Each consumed charge of food provides extra morale for crewmember.	6.0		A					y	y	y	y	y	y	y	y	y	y	Unlocked	+6 morale from food per hour	Swamp Island, Plateaus		Nasobi	
art_13	Stamets	Crew can't get sick	A rare Keeling mushroom that emit spores significantly increasing immune system of beings, decreasing Susceptibility.	Building's assigned crew and clients automatically save on contamination check.			A					y	y	y	y	y	y	y	y	y	y	Unlocked	Crew can't get sick	Red Rocks Island, Multi-Shelved Island		Knidaria	
art_14	Neuropreciser	-50% to accident chance	Creates a field in a closed area that improves neurological connections in beings performing work.	Each time building is checked for accident, chance of it happening is reduced by this value.	50.0	%	A							y	y		y	y	y	y	y	Unlocked	-50% to accident chance	Supergravity Islands, Purple Island		Knidaria	
art_15	Space Extender	+10 extra customer slots	Emanates a stream of gravitons that bends spacetime, allowing for increased space within a closed area.	Increase of slots of clients for each service building provides (including housing).	10.0		A								y							Unlocked	+10 extra customer slots	Asteroidal Island, Volcanic Island		Mistralid	
art_16	Quantum Tunneler	+25% connector bonus	A device that helps transferring items faster using quantum tunneling.	Percent at which connector bonuses provided by building are increased.	50.0	%	A	y							y			y				Unlocked	+25% connector bonus	Spire Island, Desert Island		Knidaria	
art_17	Molecular Replicator	+50% chance not to use consumable charge	A device that creates additional matter within specific products through quantum manifestation.	Each time a charge of consumable is about to expire, check chance for it to not expire out of 100%.	50.0	%	B	y		y	y	y	y	y	y	y	y	y	y	y	y	Unlocked	+50% chance not to use consumable charge	Purple Island, Old Volcano Island		Nasobi	
art_18	Mass Reducer	+75% loading speed	Reduces mass of objects in a small area, making them lighter and easier to move.	Percent at which a speed of units getting resources is increased.	75.0	%	B						y						y	y	y	Unlocked	+75% loading speed	Swamp Island, Plateaus		Mistralid	
art_19	Kinetic Absorber	-50% damage taken	A device that emanates field in which kinetic impact from incoming blunt objects is decreased.	Percent at which building's or unit's received damage is reduced (each time it takes damage).	50.0	%	B	y	y	y	y	y	y	y	y	y	y	y	y	y	y	Unlocked	-50% damage taken	Volcanic Island, Asteroidal Island		Crabari	
art_20	Idol of Strength	-2 crew slots for top productivity	An ancient relic that inspires living beings to achieve more.	Amount by which building's worker slots are filled with 100% productivity "ghost" workers.	2.0		B					y	y	y	y		y	y	y	y	y	Unlocked	-2 crew needed to meet top productivity	Multi-Shelved Island, Sandstone Rock Pillar		Aetherid	
art_21	Hammer of Order	-50% repair cost	An ancient relic that augments matter necessary to return creations to their original order.	Percent at which material cost to repair a building is reduced (rounded up).	50.0	%	B	y	y	y	y	y	y	y	y	y	y	y	y	y	y	Unlocked	-50% repair cost	Glaciers, Spire Island		Nasobi	
art_22	Purple Devourer	-100% waste production	A dormant creature that awakens and consumes Waste within proximity.	Amount by which waste produced by a building is reduced (rounded up).	100.0	%	B							y	y	y	y					Unlocked	-100% waste production	Swamp Island, Purple Island		Mistralid	
art_23	Faraday's Orb	-75% energy requirement	Increases electromagnetic force in conductive materials of a closed area.	Amount by which energy requirements by a building are reduced (rounded up).	75.0	%	B		y	y	y	y	y	y	y	y	y		y	y	y	Unlocked	-75% energy requirement	Pointy Rocks, Water Spikes		Aetherid	
art_24	Warp Clock	+25% crew productivity	An ancient relic that warps time in a closed area, increasing Productivity of the team inside.	Amount by which each assigned worker's productivity is boosted.	25.0	%	B	y				y	y	y	y		y	y	y	y	y	Unlocked	+25% crew productivity	Spire Island, Red Rocks Island		Knidaria	
art_25	Crystal Shell	+50% Behemoth hull integrity	A shell of an ancient creature that alters the atomic grid of reinforced nanosheets in proximity, increasing overall vessel durability.	When equipped to any building, it increases Behemot's hull integrity by this percent (rounded up).	50.0	%	B	y		y	y	y	y	y	y		y	y				Unlocked	+50% Behemoth hull integrity	Water Spikes, Pointy Rocks		Crabari	
art_26	Omniconductor	+75% battery charge speed	A coil made of mysterious material capable of keeping superconductive properties at super-high temperatures.	When battery in charging mode, all energy incoming to battery receives +75% bonus (rounded up)	75.0	%												y				Unlocked	+75% battery charge speed	Spire Island, Desert Island		Aetherid	
