Resource ID	Resource	Short name	Rarity	Tier	Type	Tag	Description	Resources1	Amount1	Resources2	Amount2	Resources3	Amount3	Result Amount	ProducedIn	DisposalEntropy	IconPath	DroneMaterialPath	IslandMaterialPath	IconGroup	Weight	StaticMeshPath
res_01	Gold	Au	Exotic	0	Metal	Refined	Electronics production material. Ductile, and practically non-reactive, gold is used in the manufacture of electronics and conductive materials.							10		0.001	/Game/Textures/Resources/Resources/T_Gold.T_Gold	/Game/Materials/MI_ResourceDrop.MI_ResourceDrop	/Game/Materials/MI_ResourceDrop.MI_ResourceDrop	Basic Materials	5	
res_03	Copper	Cu	Uncommon	0	Metal	Refined	Construction, electronics, and alloy production material. From corrosion-resistant plating to wires and electronic connectors, good-quality copper is always in demand on the Behemoth.							10		0.001	/Game/Textures/Resources/T_Copper.T_Copper	/Game/Materials/MI_ResourceDrop.MI_ResourceDrop	/Game/Materials/MI_ResourceDrop.MI_ResourceDrop	Basic Materials	5	
res_04	Iron	Fe	Common	0	Metal	Refined	Construction and alloy production material. Iron and its alloys have accompanied humanity all the way to the galaxy's edge as construction materials, weapons, and so much more.							10		0.001	/Game/Textures/Resources/Resources/T_Metals_Fe.T_Metals_Fe	/Game/Materials/MI_ResourceDrop.MI_ResourceDrop	/Game/Materials/MI_ResourceDrop.MI_ResourceDrop	Basic Materials	5	
res_06	Chromium	Cr	Uncommon	0	Metal	Refined	Alloy and tool production material. Due to its hardness, reflectivity, and chemical stability, chromium is used as an additive to tool-making and structural alloys in order to increase their resistance to wear and corrosion.							10		0.001	/Game/Textures/Resources/T_Chromium.T_Chromium	/Game/Materials/MI_ResourceDrop.MI_ResourceDrop	/Game/Materials/MI_ResourceDrop.MI_ResourceDrop	Basic Materials	5	
res_07	Aluminum	Al	Common	0	Metal	Refined	Core construction and manufacturing material. Lightweight, durable, and easily alloyable, aluminum is second only to iron in its variety of use.							10		0.001	/Game/Textures/Resources/Resources/T_Metals_Al.T_Metals_Al	/Game/Materials/MI_ResourceDrop.MI_ResourceDrop	/Game/Materials/MI_ResourceDrop.MI_ResourceDrop	Basic Materials	5	
res_08	Titanium	Ti	Uncommon	0	Metal	Refined	Alloy, electronics, and tool production material. As strong as steel but less dense, titanium and its alloys are used in a variety of functions: from hull plating and tool-making to the manufacture of electronics.							10		0.001	/Game/Textures/Resources/Resources/T_Metals_Ti.T_Metals_Ti	/Game/Materials/MI_ResourceDrop.MI_ResourceDrop	/Game/Materials/MI_ResourceDrop.MI_ResourceDrop	Basic Materials	5	
res_10	Tungsten	W	Uncommon	0	Metal	Refined	Alloy, electronics, and tool production material. Supremely hard, heat-resistant, and non-reactive, tungsten is a key component of engine nozzles, fuel rods, and other items where its brittleness can be offset or is not a factor.							10		0.001	/Game/Textures/Resources/Resources/T_Metals_W.T_Metals_W	/Game/Materials/MI_ResourceDrop.MI_ResourceDrop	/Game/Materials/MI_ResourceDrop.MI_ResourceDrop	Basic Materials	5	
res_12	Chlorine	Cl	Common	0	Nonmetal	Refined	Biochemistry and fuel production material. Highly reactive, and thus corrosive and toxic, chlorine compounds have innumerable uses in biochemical production chains, as well as medical applications as a disinfectant.							10		0.001	/Game/Textures/Resources/Resources/T_Refined_Etilen.T_Refined_Etilen	/Game/Materials/MI_ResourceDrop.MI_ResourceDrop	/Game/Materials/MI_ResourceDrop.MI_ResourceDrop	Basic Materials	5	
res_13	Phosphorus	P	Common	0	Nonmetal	Refined	Food, fuel, and polymer production material. Extremely reactive, phosphorus is a versatile element that can be used in chemical reagents, plastics, and fertilizers.							10		0.001	/Game/Textures/Resources/Markers/T_Combastibles_NuclearFuel.T_Combastibles_NuclearFuel	/Game/Materials/MI_ResourceDrop.MI_ResourceDrop	/Game/Materials/MI_ResourceDrop.MI_ResourceDrop	Basic Materials	5	
res_14	Sulfur	S	Common	0	Nonmetal	Refined	Fuel and polymer production material. Sulfur and its compounds are widely employed aboard the Behemoth as fertilizers, as well as for fuel and polymer production.							10		0.001	/Game/Textures/Resources/Markers/T_Chemicals_Clay.T_Chemicals_Clay	/Game/Materials/MI_ResourceDrop.MI_ResourceDrop	/Game/Materials/MI_ResourceDrop.MI_ResourceDrop	Basic Materials	5	
res_15	Sodium	Na	Common	0	Metal	Refined	Biochemistry and nanostructure production material. Sodium is often used as an intermediate component in biochemistry, nanostructure fabrication, and energy storage.							10		0.001	/Game/Textures/Resources/Resources/T_Sodium.T_Sodium	/Game/Materials/MI_ResourceDrop.MI_ResourceDrop	/Game/Materials/MI_ResourceDrop.MI_ResourceDrop	Basic Materials	5	
res_16	Lithium	Li	Rare	0	Metal	Refined	Nanostructure and energy storage production material. The lightest of all metals and wildly reactive, lithium is mainly used for nanostructure manufacturing and the production of energy-storing devices.							10		0.001	/Game/Textures/Resources/T_StainlessSteel.T_StainlessSteel	/Game/Materials/MI_ResourceDrop.MI_ResourceDrop	/Game/Materials/MI_ResourceDrop.MI_ResourceDrop	Basic Materials	5	
res_17	Silicon	Si	Common	0	Metalloid	Synthesized	Electronics and nanostructure production material. Silicon is widely regarded as the predominant semiconductor material due to its versatile applications in various electrical devices such as transistors, solar cells, integrated circuits, and others.							10		0.001	/Game/Textures/Resources/Resources/T_Ore_Tungsten.T_Ore_Tungsten	/Game/Materials/MI_ResourceDrop.MI_ResourceDrop	/Game/Materials/MI_ResourceDrop.MI_ResourceDrop	Basic Materials	5	
res_19	Eldritium	El	Unique	0	Nonmetal	Refined, Radioactive	Exotic, energy-rich material. An exotic element that appears to be native to Keeling IV, eldritium is assumed to be a unique stable isotope of one of the heavy elements between 112 and 119. Traces of it can be found in derelict non-human technology, implying an artificial origin.							10		0.001	/Game/Textures/Resources/T_Hastelloy.T_Hastelloy	/Game/Materials/MI_ResourceDrop.MI_ResourceDrop	/Game/Materials/MI_ResourceDrop.MI_ResourceDrop	Basic Materials	5	
res_27	Hydrocarbons	HnCn	Common	0	Raw		Fuel and polymer production material. While the mechanism of their formation on Keeling IV is still unclear, these hydrocarbon-rich liquids are remarkably similar to the under-crust oil of Cygnus Minor, with applications in fuel and polymer production.							10		0.001	/Game/Textures/Resources/Resources/T_Combastibles_Oil.T_Combastibles_Oil	/Game/Materials/MI_ResourceDrop.MI_ResourceDrop	/Game/Materials/MI_ResourceDrop.MI_ResourceDrop	Basic Materials	5	
res_28	Carbon	C	Common	0	Raw		Fuel, alloy, and polymer production material. A key component in the creation of polymers and other biochemical compounds, carbon also has many uses in energy production.							10		0.001	/Game/Textures/Resources/Resources/T_Carbon.T_Carbon	/Game/Materials/MI_ResourceDrop.MI_ResourceDrop	/Game/Materials/MI_ResourceDrop.MI_ResourceDrop	Basic Materials	5	
res_29	Grain		Common	1	Food	Grow, Orgnaic Material, Crew Need	Originally created for the settlement of Vanadis Tertia, genetically-engineered grain is a staple nutrient source for explorers and colonists.	Prebiotic Matter	5					4	Farm, Universum	0.001	/Game/Textures/Resources/Resources/T_Grain.T_Grain	/Game/Materials/MI_ResourceDrop.MI_ResourceDrop	/Game/Materials/MI_ResourceDrop.MI_ResourceDrop	Food	5	
res_30	Omni Fruit		Uncommon	1	Food	Grow, Orgnaic Material, Crew Need	A dietary staple or a luxury depending on the particular conditions of a given crew, hydroponically-cultivated, hypoallergenic Omni Fruits are a welcome addition to a canteen menu. They taste like everything.	Prebiotic Matter, K-IV Plankton	3	Phosphorus	2			4	Plantation, Universum	0.001	/Game/Textures/Resources/Resources/T_OmniFruit.T_OmniFruit	/Game/Materials/MI_ResourceDrop.MI_ResourceDrop	/Game/Materials/MI_ResourceDrop.MI_ResourceDrop	Food	5	
res_32	Cultured Meat		Common	1	Food	Grow, Orgnaic Material, Crew Need	Vat-grown meat provides the human crew of Zephyrus—and now the Behemoth—with a traditional protein source without the usual ethical and safety concerns.	K-IV Plankton, K-IV Aminoacids	5					4	Farm, Plantation	0.001	/Game/Textures/Resources/Resources/T_Raw_Meat.T_Raw_Meat	/Game/Materials/MI_ResourceDrop.MI_ResourceDrop	/Game/Materials/MI_ResourceDrop.MI_ResourceDrop	Food	5	
res_33	Protein Mass		Uncommon	1	Food	Grow, Orgnaic Material, Crew Need	A bland protein-rich substance that can be consumed when no better options are available. Known among the crew as "the slimy steak."	Prebiotic Matter, K-IV Aminoacids	3	K-IV Plankton, K-IV Algae	2			4	Synthesis Workshop, Bioengineering Workshop	0.001	/Game/Textures/Resources/Resources/T_HPYeast.T_HPYeast	/Game/Materials/MI_ResourceDrop.MI_ResourceDrop	/Game/Materials/MI_ResourceDrop.MI_ResourceDrop	Food	5	
res_34	Bio Waste		Common	0	Waste	Orgnaic Material	Organic waste material. Mostly food scraps and other organic refuse, biowaste is steadily generated by the crew and has to be dealt with constantly. Its impact on the local environment has not been studied, so dumping is ill-advised.							5		0.01	/Game/Textures/Resources/Resources/T_Waste_Bio.T_Waste_Bio	/Game/Materials/MI_ResourceDrop.MI_ResourceDrop	/Game/Materials/MI_ResourceDrop.MI_ResourceDrop	Other Items	5	
res_38	Prebiotic Matter		Common	0	Organic	Orgnaic Material	Biochemistry and food production material. A thick fluid containing basic organic compounds and ammonia. This mass is capable, under the right conditions, of growing into new life—or a semblance thereof.							10		0	/Game/Textures/Resources/Products/T_Consumables_Fertilizers.T_Consumables_Fertilizers	/Game/Materials/MI_ResourceDrop.MI_ResourceDrop	/Game/Materials/MI_ResourceDrop.MI_ResourceDrop	Basic Materials	5	
res_40	K-IV Aminoacids		Uncommon	0	Organic	Orgnaic Material	Biochemistry and food production material. A substance that's best described as Keeling IV's primordial soup, this gooey mass is a highly concentrated sample of the exotic amino acids found on the planet.							20		0	/Game/Textures/Resources/Resources/T_Amino_Acid.T_Amino_Acid	/Game/Materials/MI_ResourceDrop.MI_ResourceDrop	/Game/Materials/MI_ResourceDrop.MI_ResourceDrop	Basic Materials	5	/Game/Meshes/SM_Cube.SM_Cube
res_24	K-IV Plankton		Common	0	Organic	Orgnaic Material	Biochemistry and food production material. A diverse collection of small organisms drifting in Keeling IV's ocean, this plankton can be processed into biochemical compounds. It is not advised for raw consumption.							20		0	/Game/Textures/Resources/Resources/T_ET_Plankton.T_ET_Plankton	/Game/Materials/MI_ResourceDrop.MI_ResourceDrop	/Game/Materials/MI_ResourceDrop.MI_ResourceDrop	Basic Materials	5	/Game/Meshes/SM_Cube.SM_Cube
res_31	K-IV Algae		Common	0	Organic	Orgnaic Material	Biochemistry and food production material. A photosynthesizing water-dwelling organism that's remarkably similar to algae both in its behavior and ecosystem function. It can be processed into food and has biochemical applications.							20		0	/Game/Textures/Resources/Resources/T_ET_Squash.T_ET_Squash	/Game/Materials/MI_ResourceDrop.MI_ResourceDrop	/Game/Materials/MI_ResourceDrop.MI_ResourceDrop	Basic Materials	5	/Game/Meshes/SM_Cube.SM_Cube
res_39	K-IV Krill		Common	0	Organic	Orgnaic Material	Biochemistry and food production material. A smaller motile organism that migrates in swarms numbering in the high millions, and is thus a food source for megafauna.							20		0	/Game/Textures/Resources/Resources/T_K-IV_Krill.T_K-IV_Krill	/Game/Materials/MI_ResourceDrop.MI_ResourceDrop	/Game/Materials/MI_ResourceDrop.MI_ResourceDrop	Basic Materials	5	/Game/Meshes/SM_Cube.SM_Cube
res_36	Manufacturing Waste		Common	0	Waste		Mechanical waste material. Excess material, refuse, and broken machinery accumulate over time, even in the most efficient of production lines. This manufacturing waste could be recycled and repurposed — if the right facilities are present.							5		0.01	/Game/Textures/Resources/Resources/T_Waste_Manufactured.T_Waste_Manufactured	/Game/Materials/MI_ResourceDrop.MI_ResourceDrop	/Game/Materials/MI_ResourceDrop.MI_ResourceDrop	Other Items	5	
processing_01	Metal Constructions		Uncommon	1	Processed	Structural component (big)	A versatile structural component manufactured from metal alloys. Its modular nature allows for its use in both construction and mechanical engineering.	Iron, Aluminum	5	Carbon, Chromium	5			1	Tools Workshop, Processing Workshop	0.001	/Game/Textures/Resources/Products/T_Parts_Frames.T_Parts_Frames	/Game/Materials/MI_ResourceDrop.MI_ResourceDrop	/Game/Materials/MI_ResourceDrop.MI_ResourceDrop	Production	5	
processing_02	Alloyed Metal		Uncommon	1	Processed	Structural component (small)	A durable alloy used in multiple lines of production. Components made from this alloy can be found in various applications, including electronics, transportation, and defense.	Iron, Aluminum	5	Copper, Titanium	4			1	Electronics Workshop, Repairs Workshop, Compounds Workshop	0.001	/Game/Textures/Resources/Resources/T_Alloy_Steel.T_Alloy_Steel	/Game/Materials/MI_ResourceDrop.MI_ResourceDrop	/Game/Materials/MI_ResourceDrop.MI_ResourceDrop	Production	5	
processing_03	Thermoplastic		Uncommon	1	Processed	composite material	A polymer that's moldable when heated to high temperatures. Perfect for structural engineering or the manufacture of protective shells.	Hydrocarbons, K-IV Algae, Grain	5	Sulfur, Chlorine	3			1	Repairs Workshop, Plantation	0.001	/Game/Textures/Resources/Resources/Manufactured/T_Thermoplastic.T_Thermoplastic	/Game/Materials/MI_ResourceDrop.MI_ResourceDrop	/Game/Materials/MI_ResourceDrop.MI_ResourceDrop	Production	5	
processing_04	Conductive Materials		Uncommon	1	Processed	simple parts	A collection of basic wires and transistors. Used in the manufacture of more complex electronic devices.	Copper, Gold	3					1	Tools Workshop, Electronics Workshop	0.001	/Game/Textures/Resources/Resources/Manufactured/T_Conductive-Materials.T_Conductive-Materials	/Game/Materials/MI_ResourceDrop.MI_ResourceDrop	/Game/Materials/MI_ResourceDrop.MI_ResourceDrop	Production	5	
processing_05	Nano Parts		Rare	2	Processed	simple parts	Fine examples of nanotechnology, these versatile and durable nanoparts enable structural improvement and optimization at the smallest levels in the fabrication of sophisticated technology.	Nanomaterials	2	Alloyed Metal, Biopolymer, Auri Fiber Tissue	3	Chromium	4	1	Electronics Factory, Nano-Tech Factory	0.001	/Game/Textures/Resources/Resources/T_Fuel_Rod.T_Fuel_Rod	/Game/Materials/MI_ResourceDrop.MI_ResourceDrop	/Game/Materials/MI_ResourceDrop.MI_ResourceDrop	Production	5	
synthesized_01	Biopolymer		Uncommon	1	Synthesized	composite material	An amorphous, high-density polymer produced from organic matter. Exceptionally strong and flexible, it has biotechnological and medical applications.	K-IV Krill, Protein Mass	5	Phosphorus, Silicon	4			1	Compounds Workshop, Farm, Bioconversion Lab	0.001	/Game/Textures/Resources/Resources/Manufactured/T_Biopolymer.T_Biopolymer	/Game/Materials/MI_ResourceDrop.MI_ResourceDrop	/Game/Materials/MI_ResourceDrop.MI_ResourceDrop	Production	5	
synthesis_02	Biochem Compounds		Uncommon	1	Synthesized		A versatile chemical reagent that has applications in medicine and bioelectrical generation. Not advised to touch!	Prebiotic Matter, K-IV Aminoacids	5	Sodium, Chlorine	5			1	Compounds Workshop, Bioengineering Workshop, Bioconversion Lab	0.001	/Game/Textures/Resources/Resources/Manufactured/T_Chem-Compound.T_Chem-Compound	/Game/Materials/MI_ResourceDrop.MI_ResourceDrop	/Game/Materials/MI_ResourceDrop.MI_ResourceDrop	Production	5	
synthesis_03	Chemical Fuel		Uncommon	1	Synthesized		An energy-rich fluid derived from processed carbon-based materials that can be used to power a large variety of combustion engines.	Hydrocarbons, K-IV Algae	5	Carbon, Silicon	5			1	Chemistry Workshop, Universum	0.001	/Game/Textures/Resources/Resources/Manufactured/T_Chemical-Fuel.T_Chemical-Fuel	/Game/Materials/MI_ResourceDrop.MI_ResourceDrop	/Game/Materials/MI_ResourceDrop.MI_ResourceDrop	Production	5	
synthesis_04	Nanomaterials		Uncommon	1	Synthesized	universal material	A composite material shaped at a sub-molecular level to be lightweight and durable. Widely used as a structural component.	Silicon, Carbon	5	Sodium, Lithium	4			1	Processing Workshop, Synthesis Workshop	0.001	/Game/Textures/Resources/Resources/T_Graphene.T_Graphene	/Game/Materials/MI_ResourceDrop.MI_ResourceDrop	/Game/Materials/MI_ResourceDrop.MI_ResourceDrop	Production	5	
machinery_01	Propulsion Kit		Rare	2	Machinery	Complex machinery (propulsion)	A powerful engine that provides efficient thrust and maximum maneuverability both above and below water. Essential for the production of vehicles.	Basic Toolkit, Metal Constructions, Nasobi Metal Work	3	Conductive Materials, Aetheridis Wire Weaving	2	Tungsten	4	1	Nano-Tech Factory, Prototype Development Factory	0.001	/Game/Textures/Resources/Resources/Manufactured/T_Propulsion_Kit.T_Propulsion_Kit	/Game/Materials/MI_ResourceDrop.MI_ResourceDrop	/Game/Materials/MI_ResourceDrop.MI_ResourceDrop	Production	5	
machinery_02	Tech Assembly Matrix		Unique	4	Machinery	Complex machinery (base big)	A core component of high-tech equipment, this advanced electromechanical system is capable of automating and optimizing assembly processes.	Tech Voxel	2	Multi-Tool	2			1	Experimental Materials Facility, Advanced Wares Facility	0.001	/Game/Textures/Resources/Resources/T_Assembly_Matrix.T_Assembly_Matrix	/Game/Materials/MI_ResourceDrop.MI_ResourceDrop	/Game/Materials/MI_ResourceDrop.MI_ResourceDrop	Production	5	
machinery_03	Tech Voxel		Exotic	3	Machinery	Complex machinery (base small)	Tech voxel is basically a set of nanobots that can reconstitute themselves into any object required by the user (within the size limits set by the number of nanobots available).	Nano Parts, Aetheridis Electromagnetic Matrix	2	Modular Container, Propulsion Kit, Aetheridis Tech Parts	3			1	Advanced Tools Plant, Expedition Plant	0.001	/Game/Textures/Resources/Resources/Manufactured/T_Tech-Voxel.T_Tech-Voxel	/Game/Materials/MI_ResourceDrop.MI_ResourceDrop	/Game/Materials/MI_ResourceDrop.MI_ResourceDrop	Production	5	
machinery_04	Basic Scanner		Rare	2	Electronics	Complex machinery (parts)	A relatively simple yet effective exploration tool. It can scan, identify, and highlight hazards, materials, and biosignatures in a considerable radius.	Basic Toolkit	2	Conductive Materials, Electronic Components, Aetheridis Wire Weaving	3	Lithium, Gold	3	1	Electronics Factory, Prototype Development Factory	0.001	/Game/Textures/Resources/Resources/Manufactured/T_Basic-Scaner.T_Basic-Scaner	/Game/Materials/MI_ResourceDrop.MI_ResourceDrop	/Game/Materials/MI_ResourceDrop.MI_ResourceDrop	Consumables	5	
machinery_05	Battery Block		Rare	2	Machinery	Complex machinery (parts)	A compact block of ion-based batteries that are capable of accumulating, storing, and returning a tremendous amount of energy. Sadly, they still require charging.	Sodium, Lithium	4	Thermoplastic, Mycobrick, Auri Fiber Tissue	3	Conductive Materials, Nanomaterials, Aetheridis Wire Weaving	2	1	Pyrogenics Factory, Component Factory	0.001	/Game/Textures/Resources/Resources/Manufactured/T_Battery-Block.T_Battery-Block	/Game/Materials/MI_ResourceDrop.MI_ResourceDrop	/Game/Materials/MI_ResourceDrop.MI_ResourceDrop	Production	5	
electronics_01	AI Core		Unique	4	Electronics	Electronic component	A delicate, complex weave of artificial neural pathways that can house a decision-making algorithm capable of advanced analysis.	Comm-Link	2	Tricoder	2			1	Hi-Tech Facility, Robotics Facility	0.001	/Game/Textures/Resources/Resources/Manufactured/T_Ai-Core.T_Ai-Core	/Game/Materials/MI_ResourceDrop.MI_ResourceDrop	/Game/Materials/MI_ResourceDrop.MI_ResourceDrop	Production	5	
electronics_02	Microcontrollers		Rare	2	Electronics	Electronic component	A collection of modular components, including protoboards, assorted discrete components, and input/output ports, used to automate functions and processes in a variety of devices.	Electronic Components	3	Nanomaterials, Conductive Materials	2	Phosphorus, Sulfur	4	1	Electronics Factory, Container Factory	0.001	/Game/Textures/Resources/Resources/Manufactured/T_Microcontrollers.T_Microcontrollers	/Game/Materials/MI_ResourceDrop.MI_ResourceDrop	/Game/Materials/MI_ResourceDrop.MI_ResourceDrop	Production	5	
electronics_03	Sensors Array		Rare	2	Electronics	Electronic component	A set of sensors that can be calibrated to register a wide range of inputs. Can be used on their own or integrated into more complex systems.	Thermoplastic, Alloyed Metal, Nasobi Metal Work	3	Nanomaterials, Electronic Components, Aetheridis Wire Weaving	2	Lithium	4	1	Electronics Factory, Component Factory	0.001	/Game/Textures/Resources/Resources/T_Sensors.T_Sensors	/Game/Materials/MI_ResourceDrop.MI_ResourceDrop	/Game/Materials/MI_ResourceDrop.MI_ResourceDrop	Production	5	
synthesis_05	Composite Enzymes		Uncommon	1	Synthesized		A cocktail of enzymes that are capable of breaking down organic matter into its components. Primarily used in medicine.	K-IV Plankton, K-IV Krill	5	Chlorine, Sodium	5			1	Synthesis Workshop, Chemistry Workshop	0.001	/Game/Textures/Resources/Resources/Manufactured/T_Composite-Enzymes.T_Composite-Enzymes	/Game/Materials/MI_ResourceDrop.MI_ResourceDrop	/Game/Materials/MI_ResourceDrop.MI_ResourceDrop	Production	5	
processing_06	Basic Toolkit		Uncommon	1	Processed	quest item, simple part	A set of simple metal tools that can be used for emergency repairs, field research, and sample collection.	Titanium, Tungsten	3	Aluminum, Chromium	5			1	Tools Workshop, Repairs Workshop	0.001	/Game/Textures/Resources/Resources/Manufactured/T_Basic-Tool-Kit.T_Basic-Tool-Kit	/Game/Materials/MI_ResourceDrop.MI_ResourceDrop	/Game/Materials/MI_ResourceDrop.MI_ResourceDrop	Consumables	5	
electronics_05	Electronic Components		Uncommon	1	Electronics		A basic set of discrete components used to prototype, test, and repair more advanced electronics. Comes with a soldering iron.	Silicon	5	Copper, Gold, Nanomaterials	3			1	Electronics Workshop, Processing Workshop	0.001	/Game/Textures/Resources/Resources/T_Holo_Display.T_Holo_Display	/Game/Materials/MI_ResourceDrop.MI_ResourceDrop	/Game/Materials/MI_ResourceDrop.MI_ResourceDrop	Production	5	
synthesis_06	Mycobrick		Uncommon	1	Synthesized		A structural component that is grown rather than manufactured, mycobricks are lightweight and resilient, though not particularly compact. The spontaneous production of edible mushrooms is a feature.	Prebiotic Matter, K-IV Aminoacids, Protein Mass	5	Carbon, Sulfur	4			1	Chemistry Workshop, Bioengineering Workshop	0.001	/Game/Textures/Resources/Resources/Manufactured/T_Mycobrick.T_Mycobrick	/Game/Materials/MI_ResourceDrop.MI_ResourceDrop	/Game/Materials/MI_ResourceDrop.MI_ResourceDrop	Production	5	
questres_01	Modular Container		Rare	2	Quest Resource		A spacious, durable, modular shell fitted with hermetic seals. It can safely contain dangerous materials and even serve as an emergency shelter.	Metal Constructions, Nasobi Metal Work	2	Mycobrick, Thermoplastic, Auri Fiber Tissue	3	Titanium	4	1	Container Factory, Component Factory	0.001	/Game/Textures/Resources/Resources/T_Container.T_Container	/Game/Materials/MI_ResourceDrop.MI_ResourceDrop	/Game/Materials/MI_ResourceDrop.MI_ResourceDrop	Consumables	5	
questres_03	Comm-Link		Exotic	3	Quest Resource		This communication device enables the stable transmission of verbal messages over a relatively long range. Essential for most recon operations.	Microcontrollers, Luminid Chip	3	Battery Block, Basic Scanner, Aetheridis Electromagnetic Matrix	2			1	Smart Tools Plant, Consumer Goods Plant, Knidaria Building	0.001	/Game/Textures/Resources/Resources/T_Comm_Link.T_Comm_Link	/Game/Materials/MI_ResourceDrop.MI_ResourceDrop	/Game/Materials/MI_ResourceDrop.MI_ResourceDrop	Consumables	5	
questres_05	Tricoder		Exotic	3	Quest Resource		An advanced, multi-functional handheld device designed for scientific analysis, diagnostics, and data collection. It can detect a wide range of environmental, biological, and technological data.	Basic Scanner, Knidaria Sensorics Fiber	2	Microcontrollers, Sensors Array, Luminid Chip	3			1	Advanced Tools Plant, Consumer Goods Plant	0.001	/Game/Textures/Resources/Resources/T_Tricoder.T_Tricoder	/Game/Materials/MI_ResourceDrop.MI_ResourceDrop	/Game/Materials/MI_ResourceDrop.MI_ResourceDrop	Consumables	5	
consumer_01	Cyberware		Unique	4	Consumer Product		Biocompatible cybernetic implants that can be configured to replace any missing or injured organ, and even enhance existing ones.	Comm-Link	2	Med Kit, Knidaria Symbiont	2			1	Hi-Tech Facility, Robotics Facility	0.001	/Game/Textures/Resources/Resources/T_Cyberware.T_Cyberware	/Game/Materials/MI_ResourceDrop.MI_ResourceDrop	/Game/Materials/MI_ResourceDrop.MI_ResourceDrop	Consumables	5	
consumer_02	Portable Force Shield		Exotic	3	Consumer Product		An energy shield that can stop projectiles, explosions, and most natural hazards. Proven to increase the chances of survival on particularly dangerous missions.	Personal Defence Kit, Nasobi Marine Armament	1	Nano Parts, Battery Block, Aetheridis Electromagnetic Matrix	2	Eldritium	5	1	Expedition Plant, Tactical Production Plant, Aetherid Building	0.001	/Game/Textures/Resources/Resources/T_ForceField.T_ForceField	/Game/Materials/MI_ResourceDrop.MI_ResourceDrop	/Game/Materials/MI_ResourceDrop.MI_ResourceDrop	Consumables	5	
cn_41	Surveying Probe	Probe	Unique	4	Exploration		A mobile device that transmits meteorological data and detects dangerous alien fauna at a considerable distance. It can also detect additional points of interest.	Tricoder	2	Tech Voxel	2			1	Hi-Tech Facility, Experimental Materials Facility	0.001	/Game/Textures/Resources/T_SurveyingProbe.T_SurveyingProbe	/Game/Materials/MI_ResourceDrop.MI_ResourceDrop	/Game/Materials/MI_ResourceDrop.MI_ResourceDrop	Consumables	5	
cn_43	Satellite	Satellite	Unique	5	Exploration		A low-orbit satellite that, once deployed, delivers valuable real-time data about the area surrounding the Behemoth.	Tricoder	2	Tech Voxel	2	AI Core	1	1	Satellite Control Complex	0.001	/Game/Textures/Resources/Resources/T_Satellite.T_Satellite	/Game/Materials/MI_ResourceDrop.MI_ResourceDrop	/Game/Materials/MI_ResourceDrop.MI_ResourceDrop	Consumables	5	
serviceres_02	Transhuman Form		Unique	5	Service Resource		A set of new organs that allow a human to adapt to any alien environment. No more respirators or protective gear. Still frowned upon by some conservatives.	Cyberware	1	AI Core	1			1	Evolution Center	0.001	/Game/Textures/Resources/Resources/T_Transhuman.T_Transhuman	/Game/Materials/MI_ResourceDrop.MI_ResourceDrop	/Game/Materials/MI_ResourceDrop.MI_ResourceDrop	Consumables	5	
scineceres_01	Multi-Tool		Exotic	3	Science Resource		A versatile set of tools and specialized devices that can assist with a wide range of activities, including repairs, sample collection, reconnaissance, and more.	Modular Container, Aetheridis Electromagnetic Matrix	2	Microcontrollers, Basic Scanner, Aetheridis Tech Parts	3			1	Smart Tools Plant, Tactical Production Plant, Advanced Wares Facility	0.001	/Game/Textures/Resources/Resources/T_Calibrator.T_Calibrator	/Game/Materials/MI_ResourceDrop.MI_ResourceDrop	/Game/Materials/MI_ResourceDrop.MI_ResourceDrop	Consumables	5	
food_01	Nutrient Paste		Rare	2	Food	Consumable, Crew Need	A specialized refill for food printers, containing all the essential nutrients and flavor additives needed to (poorly) replicate any dish. Can be consumed in its raw state.	Cultured Meat, Protein Mass	2	Grain, Auri Ambrosia	2			2	Expedition Research Factory, Food Factory, Crabari Building	0.001	/Game/Textures/Resources/Resources/Consumables/T_Nutrient-Paste.T_Nutrient-Paste	/Game/Materials/MI_ResourceDrop.MI_ResourceDrop	/Game/Materials/MI_ResourceDrop.MI_ResourceDrop	Food	5	
food_05	Energy Bar		Rare	2	Food	Consumable, Crew Need	A tasty, nutrient-dense snack that provides a boost of energy before the next shift. Rumored to be the unofficial currency aboard the Behemoth.	Grain, Protein Mass	2	Omni Fruit, Auri Ambrosia	2			2	Energy Research Factory, Food Factory, Aetherid Building	0.001	/Game/Textures/Resources/Resources/Consumables/T_Energy-Bar.T_Energy-Bar	/Game/Materials/MI_ResourceDrop.MI_ResourceDrop	/Game/Materials/MI_ResourceDrop.MI_ResourceDrop	Food	5	
food_06	Krill Paste		Rare	2	Food	Consumable	A protein-rich paste made from local crustaceans. While inedible by humans, it is considered a delicacy by other species.	K-IV Krill	2	Protein Mass	2			2	Nasobi Building, Crabari Building	0.001	/Game/Textures/Resources/Resources/Consumables/T_Krill-Paste.T_Krill-Paste	/Game/Materials/MI_ResourceDrop.MI_ResourceDrop	/Game/Materials/MI_ResourceDrop.MI_ResourceDrop	Food	5	
food_07	Fruit Paste		Rare	2	Food	Consumable	Easy to consume and quite nutritious, fruit paste is a great meal for long-hour workers and long-distance travelers.	Omni Fruit, K-IV Algae	2	Protein Mass	2			2	Nasobi Building, Mistralid Building	0.001	/Game/Textures/Resources/Resources/Consumables/T_Fruit-Paste.T_Fruit-Paste	/Game/Materials/MI_ResourceDrop.MI_ResourceDrop	/Game/Materials/MI_ResourceDrop.MI_ResourceDrop	Food	5	
food_08	Algae Preserves		Rare	2	Food	Consumable	A fermented mix of algae and plankton. This food is shelf-stable, rich in vitamins and minerals, and also easy on the digestive tract.	K-IV Plankton	2	K-IV Algae	2			2	Mistralid Building, Knidaria Building	0.001	/Game/Textures/Resources/Resources/Consumables/T_Algae-Preserves.T_Algae-Preserves	/Game/Materials/MI_ResourceDrop.MI_ResourceDrop	/Game/Materials/MI_ResourceDrop.MI_ResourceDrop	Food	5	
medres_01	Med Gel		Rare	2	Medicine	Consumable	An antiseptic fluid that speeds up the regeneration of healthy tissue and kills most microbes. Invaluable on off-board excursions.	Biochem Compounds, Auri Biosubstrate	2	Composite Enzymes, Omni Fruit, Auri Ambrosia	2			1	Energy Research Factory, Medical Goods Factory	0.001	/Game/Textures/Resources/Resources/Consumables/T_Med-Gel.T_Med-Gel	/Game/Materials/MI_ResourceDrop.MI_ResourceDrop	/Game/Materials/MI_ResourceDrop.MI_ResourceDrop	Consumables	5	
medres_02	Med Kit		Exotic	3	Medicine	Consumable	An advanced medical kit containing sterile equipment and an impressive assortment of chemicals.	Med Gel, Auri Ambrosia	2	Stem Tissue, Nutrient Paste, Knidaria Healing Slime	3			1	Tactical Production Plant, Consumer Goods Plant, Mistralid Building	0.001	/Game/Textures/Resources/Resources/Consumables/T_Med-Kit.T_Med-Kit	/Game/Materials/MI_ResourceDrop.MI_ResourceDrop	/Game/Materials/MI_ResourceDrop.MI_ResourceDrop	Consumables	5	
medres_03	Stem Tissue		Rare	2	Medicine	Consumable	An antibody-agnostic ingraft that mimics the tissues surrounding it. Minimally invasive, it helps to rapidly mend injuries.	Composite Enzymes, Biochem Compounds	2	Cultured Meat	2			1	Medical Goods Factory, Food Factory	0.001	/Game/Textures/Resources/Resources/Consumables/T_Stem-Tissue.T_Stem-Tissue	/Game/Materials/MI_ResourceDrop.MI_ResourceDrop	/Game/Materials/MI_ResourceDrop.MI_ResourceDrop	Consumables	5	
medres_04	Personal Defence Kit		Rare	2	Medicine		A set of flares, non-lethal ammunition, and sonic pulse devices that can scare off most of the threats a crewmember can encounter off-board. Lethal force application is possible with enough persistence.	Alloyed Metal, Nasobi Metal Work	3	Thermoplastic, Biopolymer, Auri Fiber Tissue	2	Tungsten, Chromium	4	1	Nano-Tech Factory, Expedition Research Factory	0.001	/Game/Textures/Resources/Resources/T_DefensiveGear.T_DefensiveGear	/Game/Materials/MI_ResourceDrop.MI_ResourceDrop	/Game/Materials/MI_ResourceDrop.MI_ResourceDrop	Consumables	5	
powercell_01	Fuel Cell		Rare	2	Energy	Consumable, Fuel Need	A chemical fuel cartridge that can be used to generate power in specialized facilities.	Chemical Fuel, Nasobi Combustibles	4	Alloyed Metal, Thermoplastic, Nasobi Metal Work	1			1	Pyrogenics Factory, Prototype Development Factory, Geo Lab	0.001	/Game/Textures/Resources/Resources/T_FuelCell.T_FuelCell	/Game/Materials/MI_ResourceDrop.MI_ResourceDrop	/Game/Materials/MI_ResourceDrop.MI_ResourceDrop	Power Cells	5	
powercell_02	Bio Cell		Rare	2	Energy	Consumable, Fuel Need	A biofuel cartridge that can be used to generate power in specialized facilities.	Composite Enzymes, Auri Biosubstrate	4	Biopolymer, Mycobrick, Auri Fiber Tissue	1			1	Energy Research Factory, Medical Goods Factory, Bioconversion Lab	0.001	/Game/Textures/Resources/Resources/T_BioCell.T_BioCell	/Game/Materials/MI_ResourceDrop.MI_ResourceDrop	/Game/Materials/MI_ResourceDrop.MI_ResourceDrop	Power Cells	5	
powercell_04	Fusion Cell		Unique	4	Energy	Consumable, Fuel Need	A nuclear fusion-based cartridge that can be used to generate power in specialized facilities.	Portable Force Shield	2	Fuel Cell, Bio Cell	1	Eldritium	10	1	Experimental Materials Facility, Robotics Facility	0.001	/Game/Textures/Resources/Resources/T_Cell_Fusion.T_Cell_Fusion	/Game/Materials/MI_ResourceDrop.MI_ResourceDrop	/Game/Materials/MI_ResourceDrop.MI_ResourceDrop	Power Cells	5	
powercell_05	Positron Cell		Unique	5	Energy	Consumable	A cartridge of heavy metals that can be converted into electron-positron plasma for energy production.	Fusion Cell	1	Tech Assembly Matrix	1			1	Advanced Technology Center	0.001	/Game/Textures/Resources/Products/T_PowerCell.T_PowerCell	/Game/Materials/MI_ResourceDrop.MI_ResourceDrop	/Game/Materials/MI_ResourceDrop.MI_ResourceDrop	Power Cells	5	
extractor_01	Basic Extractor		Rare	2	Ship Gear	Consumable, Mining Need	An automated station that can extract surface-level minerals. Packed in a capsule that can be launched through a Mass Driver.	Metal Constructions, Mycobrick, Crabri Bioframe	2	Chemical Fuel, Biochem Compounds, Nasobi Combustibles	2			1	Pyrogenics Factory, Container Factory, Expedition Research Factory, Nasobi Building, Geo Lab	0.001	/Game/Textures/Resources/Resources/T_ExtractorBasic.T_ExtractorBasic	/Game/Materials/MI_ResourceDrop.MI_ResourceDrop	/Game/Materials/MI_ResourceDrop.MI_ResourceDrop	Capsules	5	
extractor_02	D.A.R.T.		Exotic	3	Ship Gear		The Data Acquisition and Retrieval Tool is a special probe that provides a detailed scan of the surrounding area or objects.	Modular Container, Aetheridis Tech Parts	1	Basic Scanner, Sensors Array, Knidaria Sensorics Fiber	1	Fuel Cell, Bio Cell	1	1	Expedition Plant, Smart Tools Plant, Advanced Wares Facility	0.001	/Game/Textures/Resources/Resources/T_ControlStation.T_ControlStation	/Game/Materials/MI_ResourceDrop.MI_ResourceDrop	/Game/Materials/MI_ResourceDrop.MI_ResourceDrop	Capsules	5	
extractor_03	Underground Deposit Extractor		Exotic	3	Survival	Mining Need	An advanced version of the Extractor that's capable of harvesting resources from undeground deposits.	Metal Constructions, Mycobrick, Crabri Bioframe	2	Fuel Cell, Bio Cell	1	Chemical Fuel, Conductive Materials, Nasobi Combustibles	3	1	Advanced Tools Plant, Expedition Plant, Tactical Production Plant	0.001	/Game/Textures/Resources/Resources/T_ExtractorShallow.T_ExtractorShallow	/Game/Materials/MI_ResourceDrop.MI_ResourceDrop	/Game/Materials/MI_ResourceDrop.MI_ResourceDrop	Capsules	5	
unitres_01	Worker Drone		Rare	2	Fleet		An advanced robotic unit designed to transport supplies and perform complex construction tasks aboard Behemoth-class exploration vessels.	Basic Toolkit, Alloyed Metal	2	Electronic Components, Conductive Materials, Nanomaterials	2	Metal Constructions, Mycobrick, Crabri Bioframe	2	1	Hangar	0.001	/Game/Blueprints/Units/WorkerDrone/T_WorkerUnit.T_WorkerUnit	/Game/Materials/MI_ResourceDrop.MI_ResourceDrop	/Game/Materials/MI_ResourceDrop.MI_ResourceDrop	Other Items	5	
unitres_02	Freighter		Exotic	3	Fleet		A specialized cargo-carrying vessel with enhanced lift capabilities and a large transport hold. Primarily used to ferry resources.	Propulsion Kit	2	Modular Container, Nano Parts	3			1	Hangar	0.001	/Game/Blueprints/Units/CargoShip/T_Cargo.T_Cargo	/Game/Materials/MI_ResourceDrop.MI_ResourceDrop	/Game/Materials/MI_ResourceDrop.MI_ResourceDrop	Other Items	5	
unitres_03	Recon Craft		Unique	4	Fleet		A fast and agile vessel equipped with a scanner array and basic stealth features. Perfect for reconnaissance missions.	Tech Voxel	1	Tricoder	1	Alloyed Metal, Metal Constructions	6	1	Hangar	0.001	/Game/Blueprints/Units/Scout/T_Scout.T_Scout	/Game/Materials/MI_ResourceDrop.MI_ResourceDrop	/Game/Materials/MI_ResourceDrop.MI_ResourceDrop	Other Items	5	
unitres_05	Deep-Sea Trawler		Exotic	4	Fleet		A submarine-like vessel that can explore the depths of Keeling IV's ocean and collect otherwise inaccessible samples and resources.	Propulsion Kit	2	Sensors Array, Basic Scanner, Knidaria Sensorics Fiber	2	Metal Constructions, Alloyed Metal, Crabri Bioframe	10	1		0.001	/Game/Textures/Resources/Resources/T_Trawler.T_Trawler	/Game/Materials/MI_ResourceDrop.MI_ResourceDrop	/Game/Materials/MI_ResourceDrop.MI_ResourceDrop	Other Items	5	
blueprint_02	Architectural Blueprint		Unique	0	Blueprint		A collection of data fragments that can be processed into a usable schematic in the R&D Lab.							1		0.001	/Game/Textures/Resources/Resources/T_Architectural.T_Architectural	/Game/Materials/MI_ResourceDrop.MI_ResourceDrop	/Game/Materials/MI_ResourceDrop.MI_ResourceDrop	Other Items	5	
food_10	Krill Preserves		Rare	2	Food	Consumable	Fermented arthropods that evoke a primal repulsion in humans. But it seems to be popular among the local populace.	K-IV Plankton	2	K-IV Krill	2			1	Aetherid Building, Knidaria Building	0.001	/Game/Textures/Resources/Resources/T_KnidariaMeal.T_KnidariaMeal	/Game/Materials/MI_ResourceDrop.MI_ResourceDrop	/Game/Materials/MI_ResourceDrop.MI_ResourceDrop	Food	5	
food_11	Omni-Meal		Exotic	3	Food	Consumable	This meal covers every single macroelement needed for survival, while also being supremely delicious. The pinnacle of Space Age explorer cuisine.	Energy Bar	1	Nutrient Paste	1			1	Consumer Goods Plant, Crabari Building	0.001	/Game/Textures/Resources/Resources/T_OmniMeal.T_OmniMeal	/Game/Materials/MI_ResourceDrop.MI_ResourceDrop	/Game/Materials/MI_ResourceDrop.MI_ResourceDrop	Food	5	
questitem_01	Nasobi Wares		Uncommon	3	Quest Resource									1		0.001	/Game/Textures/Resources/Resources/T_Tactical_Charge.T_Tactical_Charge	/Game/Materials/MI_ResourceDrop.MI_ResourceDrop	/Game/Materials/MI_ResourceDrop.MI_ResourceDrop	Other Items	5	
ammunition_01	Standard Ammunition Pack		Uncommon	1	Ammution		The Standard Ammunition Pack holds a large amount of ammo for the deck Gatling gun.	Chromium, Tungsten	4	Carbon, Hydrocarbons	2	Sulfur, Phosphorus	2	1	Tools Workshop, Chemistry Workshop	0.001	/Game/Textures/Resources/Resources/T_StandardAmmunitionPack.T_StandardAmmunitionPack	/Game/Materials/MI_ResourceDrop.MI_ResourceDrop	/Game/Materials/MI_ResourceDrop.MI_ResourceDrop	Other Items	5	
ammunition_02	Explosive Charges		Rare	2	Ammution		The Explosive Charges are a pack containing a quantity of special explosive ammunition for the deck Grenade Launcher.	Biopolymer, Thermoplastic	1	Chemical Fuel, Nasobi Combustibles	2	Biochem Compounds, Composite Enzymes	1	1	Pyrogenics Factory, Prototype Development Factory	0.001	/Game/Textures/Resources/Resources/T_ExplosiveCharges.T_ExplosiveCharges	/Game/Materials/MI_ResourceDrop.MI_ResourceDrop	/Game/Materials/MI_ResourceDrop.MI_ResourceDrop	Other Items	5	
ammunition_03	Smart Ammunition Pack		Exotic	3	Ammution		The Smart Ammunition Pack is a set containing a certain number of special smart mini-missiles that can protect the Behemoth from many threats.	Microcontrollers, Sensors Array	1	Propulsion Kit	1	Chemical Fuel, Nasobi Combustibles	2	1	Advanced Tools Plant, Smart Tools Plant	0.001	/Game/Textures/Resources/Resources/T_SmartAmmunitionPack.T_SmartAmmunitionPack	/Game/Materials/MI_ResourceDrop.MI_ResourceDrop	/Game/Materials/MI_ResourceDrop.MI_ResourceDrop	Other Items	5	
nasobires_01	Nasobi Metal Work	Unknown Metalic Objects	Uncommon	1	Quest Resource									1		0.001	/Game/Textures/Resources/Resources/TEMP_Icons/Nasobi_metal_work.Nasobi_metal_work	/Game/Materials/MI_ResourceDrop.MI_ResourceDrop	/Game/Materials/MI_ResourceDrop.MI_ResourceDrop	Production	5	
nasobires_02	Nasobi Combustibles	Unknown Substance	Common	1	Quest Resource									1		0.001	/Game/Textures/Resources/Resources/TEMP_Icons/Nasobi_combustibles.Nasobi_combustibles	/Game/Materials/MI_ResourceDrop.MI_ResourceDrop	/Game/Materials/MI_ResourceDrop.MI_ResourceDrop	Production	5	
nasobires_03	Nasobi Marine Armament	Unknown Xeno Equipment	Uncommon	2	Quest Resource									1		0.001	/Game/Textures/Resources/Resources/TEMP_Icons/Nasobi_marines_armament.Nasobi_marines_armament	/Game/Materials/MI_ResourceDrop.MI_ResourceDrop	/Game/Materials/MI_ResourceDrop.MI_ResourceDrop	Other Items	5	
aetheridisres_01	Aetheridis Wire Weaving		Common	1	Quest Resource									1		0.001	/Game/Textures/Resources/Resources/TEMP_Icons/Aetheridis_wire_weaving.Aetheridis_wire_weaving	/Game/Materials/MI_ResourceDrop.MI_ResourceDrop	/Game/Materials/MI_ResourceDrop.MI_ResourceDrop	Production	5	
aetheridisres_02	Aetheridis Electromagnetic Matrix	Unknown xeno-device	Uncommon	2	Quest Resource		{SpeciesDescription} An energy storage device ubiquitously used by Aetherids in both technological systems and domestic applications. Evidently, only the Aetherids' unique ability to directly perceive electromagnetic fields allows them to create these masterpieces of energy engineering - each device is effectively constructed "by feel," atom by atom. {FunctionalDescription} The molecular architecture demonstrates a level of precision unattainable through automated manufacturing. The internal structure represents a multilayered composition of precisely oriented materials, organized to achieve maximum energy density.							1		0.001	/Game/Textures/Resources/Resources/TEMP_Icons/Aetheridis_electromagnetic_matrix.Aetheridis_electromagnetic_matrix	/Game/Materials/MI_ResourceDrop.MI_ResourceDrop	/Game/Materials/MI_ResourceDrop.MI_ResourceDrop	Production	5	
aetheridisres_03	Aetheridis Tech Parts		Uncommon	2	Quest Resource									1		0.001	/Game/Textures/Resources/Resources/TEMP_Icons/Aetheridis_tech_parts.Aetheridis_tech_parts	/Game/Materials/MI_ResourceDrop.MI_ResourceDrop	/Game/Materials/MI_ResourceDrop.MI_ResourceDrop	Production	5	
crabarires_01	Crabri Bioframe		Common	1	Quest Resource		{SpeciesDescription} Despite the archaic nature of Crabari technology, this material demonstrates remarkable mechanical characteristics. An organic substance of biosynthetic origin, harvested from cultivated marine creatures in Crabari herds. {FunctionalDescription} The material combines high tensile strength with retained elasticity - a property rare among natural composites. Its molecular structure resembles fiber-reinforced polymers, but with a unique capacity for self-repair at the micro-level. Minimal technological processing allows the composite to be adapted as a construction material in building processes, partially replacing synthetic reinforcing elements.							1		0.001	/Game/Textures/Resources/Resources/TEMP_Icons/Crabri_bioframe.Crabri_bioframe	/Game/Materials/MI_ResourceDrop.MI_ResourceDrop	/Game/Materials/MI_ResourceDrop.MI_ResourceDrop	Production	5	
crabarires_02	Crabri Organic Membrane		Common	1	Quest Resource									1		0.001	/Game/Textures/Resources/Resources/TEMP_Icons/Crabri_organic_membrane.Crabri_organic_membrane	/Game/Materials/MI_ResourceDrop.MI_ResourceDrop	/Game/Materials/MI_ResourceDrop.MI_ResourceDrop	Production	5	
crabarires_03	Crabri Scrap Metal		Common	1	Quest Resource									1		0.001	/Game/Textures/Resources/Resources/TEMP_Icons/Crabri_scrap_metal.Crabri_scrap_metal	/Game/Materials/MI_ResourceDrop.MI_ResourceDrop	/Game/Materials/MI_ResourceDrop.MI_ResourceDrop	Production	5	
luminidres_01	Luminid Chip		Uncommon	2	Quest Resource									1		0.001	/Game/Textures/Resources/Resources/TEMP_Icons/Luminid_chip.Luminid_chip	/Game/Materials/MI_ResourceDrop.MI_ResourceDrop	/Game/Materials/MI_ResourceDrop.MI_ResourceDrop	Production	5	
luminidres_02	Luminid Personal Energy Barrier		Rare	3	Quest Resource									1		0.001	/Game/Textures/Resources/Resources/TEMP_Icons/Luminid_personal_energy_barrier.Luminid_personal_energy_barrier	/Game/Materials/MI_ResourceDrop.MI_ResourceDrop	/Game/Materials/MI_ResourceDrop.MI_ResourceDrop	Other Items	5	
luminidres_03	Luminid Micro Implant		Exotic	4	Quest Resource									1		0.001	/Game/Textures/Resources/Resources/TEMP_Icons/Luminid_micro_implant.Luminid_micro_implant	/Game/Materials/MI_ResourceDrop.MI_ResourceDrop	/Game/Materials/MI_ResourceDrop.MI_ResourceDrop	Other Items	5	
aurires_01	Auri Biosubstrate		Common	1	Quest Resource									1		0.001	/Game/Textures/Resources/Resources/TEMP_Icons/Auri_biosubstrate.Auri_biosubstrate	/Game/Materials/MI_ResourceDrop.MI_ResourceDrop	/Game/Materials/MI_ResourceDrop.MI_ResourceDrop	Production	5	
aurires_02	Auri Ambrosia		Common	1	Quest Resource									1		0.001	/Game/Textures/Resources/Resources/TEMP_Icons/Auri_ambrosia.Auri_ambrosia	/Game/Materials/MI_ResourceDrop.MI_ResourceDrop	/Game/Materials/MI_ResourceDrop.MI_ResourceDrop	Production	5	
aurires_03	Auri Fiber Tissue		Common	1	Quest Resource									1		0.001	/Game/Textures/Resources/Resources/TEMP_Icons/Auri_fiber_tissue.Auri_fiber_tissue	/Game/Materials/MI_ResourceDrop.MI_ResourceDrop	/Game/Materials/MI_ResourceDrop.MI_ResourceDrop	Production	5	
knidariares_01	Knidaria Sensorics Fiber		Uncommon	2	Quest Resource									1		0.001	/Game/Textures/Resources/Resources/TEMP_Icons/Knidaria_sensorics_fiber.Knidaria_sensorics_fiber	/Game/Materials/MI_ResourceDrop.MI_ResourceDrop	/Game/Materials/MI_ResourceDrop.MI_ResourceDrop	Production	5	
knidariares_02	Knidaria Healing Slime		Uncommon	2	Quest Resource									1		0.001	/Game/Textures/Resources/Resources/TEMP_Icons/Knidaria_healing_slime.Knidaria_healing_slime	/Game/Materials/MI_ResourceDrop.MI_ResourceDrop	/Game/Materials/MI_ResourceDrop.MI_ResourceDrop	Production	5	
knidariares_03	Knidaria Symbiont		Rare	3	Quest Resource									1		0.001	/Game/Textures/Resources/Resources/TEMP_Icons/Knidaria_symbiont.Knidaria_symbiont	/Game/Materials/MI_ResourceDrop.MI_ResourceDrop	/Game/Materials/MI_ResourceDrop.MI_ResourceDrop	Production	5	
