	SicknessName	SicknessStrain	Contagiousness	Virulence	Severity	Duration	ImmunityDebuff	ImmunityDuration	Biomes	SpawnWeight	WeightPerEntropy	EntropyThreshold	Icon	TreatmentProtocol	TreatmentResource
RespiratoryEcotvirus.A	Respiratory Ecotvirus	A	3.0	6.0	8.0	4.0	1.0	3.0	()	36.0	4.5	1.0	-	-	-
RespiratoryEcotvirus.B	Respiratory Ecotvirus	B	3.0	8.0	10.0	4.0	1.0	3.0	()	8.0	8.0	4.0	-	-	-
RespiratoryEcotvirus.C	Respiratory Ecotvirus	C	3.0	10.0	12.0	4.0	2.0	3.0	()	7.0	7.5	7.0	-	-	-
Xenoenteritis.A	Xenoenteritis	A	2.0	8.0	6.0	5.0	1.0	4.0	()	21.0	3.1	1.0	-	-	-
Xenoenteritis.B	Xenoenteritis	B	2.0	10.0	8.0	5.0	2.0	4.0	()	6.0	4.6	4.0	-	-	-
Xenoenteritis.C	Xenoenteritis	C	2.0	12.0	10.0	5.0	2.0	4.0	()	5.0	3.7	7.0	-	-	-
KeelingCryptoencephalitis.A	Keeling Cryptoencephalitis	A	4.0	10.0	6.0	3.0	2.0	6.0	()	8.0	2.1	1.0	-	-	-
KeelingCryptoencephalitis.B	Keeling Cryptoencephalitis	B	4.0	14.0	8.0	3.0	3.0	6.0	()	4.0	2.1	4.0	-	-	-
KeelingCryptoencephalitis.C	Keeling Cryptoencephalitis	C	4.0	16.0	12.0	3.0	3.0	6.0	()	3.0	1.8	7.0	-	-	-
