	Name	Sub Type	Biome Type	Rarity	Tag (for generator setup)	Quantity		Size	Deposits		Description	Extras/misc	Notes	Ref	Ref
Biome_01	Multi-shelved island	Island	Desert	Common		10.0	Mid - 80% Big - 20%	Mid, Big			Multi-Shelved Islands are defined by their distinct terraced formations, where layers of rock and earth create natural shelves that step down from higher elevations to the water's edge. These islands feature a mix of diverse vegetation across the different shelves, each level hosting unique ecosystems. While the islands have a moderate amount of mineral resources, their real value lies in the variety of life forms and the unique geological formations present on each shelf.				
Biome_02	Swamp Island	Island	Temperate	Common		10.0	Mid - 80% Big - 20%	Mid, Big	Random Ore, Fossil Fuel, Thickets, Spice Spot		Swamp Islands are mysterious and alien landscapes, characterized by their waterlogged terrain and dense, otherworldly vegetation. These islands are covered in thick, spongy ground interspersed with pools of murky water. The plant-like organisms that thrive here have unusual shapes, colors, and bioluminescence. Vine-covered structures which vaguely resemble mushroom rise from the swampy ground, their surfaces glistening with moisture. These islands are teeming with life, from the smallest bioluminescent microorganisms in the water to large, enigmatic organisms that roam the misty landscape. The swamp island is rich in both organic and mineral resources, as well as hydrocarbon deposits				
Biome_03	Pointy rocks	Island	Rocky, Temperate	Exotic		4.0		Small	Conductive Metals, Radioactive Metals, Rare Metals Ore		Pointy Rocks Islands feature bizarre, sharp stone formations jutting dramatically from the ground. These striking geological structures pique scientific interest due to their unique shapes and formation processes. Often, these islands are rich in rare mineral resources.				
Biome_04	Plateaus	Island	Rocky, Temperate	Common		10.0	Mid - 80% Big - 20%	Mid, Big	Fossil Fuel, Random Ore, Rare Metals Ore		Plateaus are ancient landforms characterized by flat peaks, rocky landscapes and moderate vegetation. The rocky terrain of the Plateau is interspersed with pockets of mineral resources, which, although not abundant, are diverse. Exposed rocks and eroded formations tell the story of ancient geological processes, providing valuable information about the planet's history.				
Biome_05	Purple island	Island	Temperate, Shallow	Exotic											
Biome_06	Sandstone Rock Pillar	Island	Desert, Tropical	Rare		6.0		Mid	Radioactive Metals		Sandstone Rock Pillar Islands are notable for their distinctive, towering sandstone formations that rise majestically from the ground. These pillars have been sculpted by centuries of erosion, creating stunning natural sculptures that dominate the island's landscape. Atop these pillars, unique organisms flourish - creatures that blend characteristics of plants, fungi, and even animals, making them a fascinating subject for biological study. While mineral resources are sparse on these islands, the presence of native metals makes them valuable for exploration. The combination of extraordinary biological diversity and the geological uniqueness of Sandstone Rock Pillar Islands makes them an invaluable focus for scientific research.				
Biome_07	Spire Islands	Island	Tropical, Desert	Rare		6.0		Mid	Random Ore, Spice Spot, Thickets		Spire islands are quite common in desert and tropical regions. They are characterized by tall white and yellow spires that stand out sharply against the reddish-brown landscape. These islands are often dotted with bright purple vegetation. An island can be rich in mineral resources and somewhat less in organic resources.				
Biome_08	Old volcano Island	Island	Rocky, Volcanic, Tropical	Common		10.0	Small - 30% Mid - 70%	Small, Mid	Random Ore, Rare Metals Ore, Conductive Metals		Old Volcano Islands are remnants of ancient volcanic activity, characterized by their rugged, rocky terrain and partially eroded structures. The surface of Old Volcano Islands is often barren and rocky, with patches of hardy vegetation clinging to the rugged terrain. The weathered volcanic rocks expose various mineral deposits, making these islands rich in mineral resources. The unique geological formations provide a window into the planet's volcanic history, making these islands a key area of interest for scientific research.				
Biome_09	Desert islands	Island	Desert	Common		10.0	Mid - 50% Small - 30% Big - 20%	Mid, Small, Big	Random Ore, Fossil Fuel		Desert islands are sun-drenched islands surrounded by crystal clear turquoise waters. These islands often have dry cliffs and isolated clusters of hardy plants that thrive in harsh conditions. The landscapes are usually arid and barren. They can be rich in some minerals and native metals.				
Biome_10	Red Rocks Island	Island	Desert	Common		10.0	Small - 20% Mid - 80%	Mid, Small			This vast biome has been shaped by millennia of tectonic activity. The red sands, rich in iron and silicate minerals, are compacted into caves and dunes. By day, the sand absorbs sunlight; at night, it glows faintly, creating an eerie, red-lit landscape.From the outside, Ferro-Sand Island resembles a massive red dune with no visible vegetation. Inside, intricate caverns wind through the structure, glowing with bioluminescent fungi. The caverns are filled with echoes, making navigation disorientating.	Ferro-Sand Island			
Biome_11	Volcanic islands	Island	Volcanic, Rocky, Tropical	Uncommon		8.0	Mid - 80% Big - 20%	Mid, Big	Random Ore, Rare Metals Ore, Conductive Metals		Volcanic islands are dynamic landscapes formed by volcanic activity, characterized by rugged terrain and steep slopes. These islands are often home to active or extinct volcanoes with craters that may be filled with shimmering lakes or steam springs.  Vibrant plant life thrives on the rich soil. Volcanic islands may have black sand beaches formed from volcanic ash. They are often rich in various minerals.		It can be dangerous to stay nearby due to the effects of the eruption (fallen boulders, ash - reduces visibility)		
Biome_12	Asteroidal island	Island	Rocky	Rare		6.0	Mid - 80% Big - 20%	Mid, Big			Asteroidal Islands are distinguished by the presence of a massive asteroid crater, a testament to a significant impact event. The island’s landscape is dominated by the crater's imposing rim and rugged interior. The island's environment is a mix of rocky outcrops and sparse vegetation, with ecosystems that have adapted to the harsh conditions around the crater. This unique geological feature sparks high scientific interest.  The impact has exposed deep layers of the planet's crust, revealing rich deposits of diverse mineral resources.		The challenge for the player is to shoot the capsules into the crater.		
Biome_13	Reefs	Sea	Rocky, Shallow, Temperate, Volcanic	Rare		6.0		Tiny					A tiny rocky island almost completely underwater		
Biome_14	Great depths	Sea	Deep Sea	Common		10.0		Mid					Underwater event		
Biome_15	Glaciers	Island	Polar	Uncommon		8.0	Mid - 80% Big - 20%	Mid, Big	Rare Metals Ore, Conductive Metals, Fossil Fuel		Glacial islands are characterized by their massive, ice-blue glaciers and impressive ice formations. These islands are often covered in a pristine blanket of snow with jagged ice cliffs. The harsh climate of the Ice Islands creates a unique environment in which only the hardiest representatives of flora and fauna can survive. The ice islands can hide rare minerals and some hydrocarbon deposits, which is evidence of a different, much warmer climate in the past.		Water covered with ice nearby		
Biome_16	Iceberg	Buoyant	Polar	Uncommon		8.0	Small - 70% Tiny - 30%	Small, Tiny			It is a huge piece of water ice that floats freely in open water. As is well known, they can be dangerous for ships. However, they can hide some resources in the form of extraterrestrial artifacts frozen in their depths.		To get the resources that are frozen inside, the Player has several options. Shoot the iceberg with a weapon or simply ram it with a ship (the ship will be damaged)		
Biome_17	Icy Water	Sea		Common		10.0		Mid					Water tiles covered with ice. Damage to the hull when passing through it		
Biome_18	Floating cubes	Hovering	Tropical, Volcanic, Polar, Rocky, Desert, Deep Sea, Temperate, Shallow	Rare		6.0		Mid					A potential place for a quest		
Biome_19	Ocean Trenches	Sea	Deep Sea	Uncommon		8.0		Mid					Underwater event, knidara habbitat		
Biome_20	Half-drowned ship	Buoyant	Shallow	Rare		6.0							It can contain valuable resources, but there is also something nearby that attacked this ship.		
Biome_21	Large-scale metal veins	Sea	Deep Sea	Uncommon		8.0		Mid					Underwater event		
Biome_22	Shipwreck	Sea	Deep Sea	Rare		6.0		Mid					Underwater event		
Biome_23	Rainforest islands	Island	Tropical, Shallow	Rare		6.0	Mid - 80% Big - 20%	Mid, Big	Fossil Fuel, Thickets		The rainforests on this planet look similar to their counterparts on Earth, and yet the difference is immediately apparent. They are lush, vibrant ecosystems teeming with life and diversity. They are covered with dense vegetation and tall tree-like organisms interspersed with colorful exotic biota. These islands are often shrouded in fog. Rich in organic resources, they often hide large deposits of hydrocarbons as well as mineral resources.		Because of vegetation, it is hard to find trajectory to land an extractor capsule.		
Biome_24	Estuary islands	Island	Shallow	Uncommon		8.0	Mid - 80% Big - 20%	Mid, Big	Rare Metals Ore, Conductive Metals, Spice Spot		Estuarine islands are unique landforms where fresh water from rivers meets and mixes with salt water from the ocean. These islands are often covered with lush wetlands. The surrounding waters are shallow and teeming with life, making these islands important places for fishing for marine resources. Hydrocarbon and sometimes metal deposits can be found on the islands themselves.		It's hard to get close, so you have to shoot the capsules from a long distance		
Biome_25	Atolls	Island	Tropical	Common		10.0	Small - 70% Tiny - 30%	Tiny, Small	Muddy Spot, Spice Spot, Thickets		An atoll is an island in the shape of a ring. An atoll is surrounded by a body of water called a lagoon. Sometimes atolls and lagoons protect a central island. The formation of atolls indicates the activity of marine life forms, such as corals, on Earth. Atolls contain almost no mineral resources, but lagoons often contain organic resources that are important to the local ecosystem.		Just nice looking island with not huge amount of organic resources		
Biome_26	Mangrove-style tree islands	Island	Tropical, Shallow	Rare		6.0		Big	Thickets, Muddy Spot		Mangrove-style tree islands are unique ecosystems characterized by a dense, intricate network of vegetation similar to the giant mangroves on Earth. These islands are distinguished by a complex root system that extends both above and below the water, creating a maze-like environment that provides habitat for a wide range of wildlife. The surface of these islands is often muddy and interspersed with areas of lush green vegetation. The mangrove trees themselves are tall and sturdy, with thick trunks and crowns. The surrounding waters are usually rich in nutrients. The islands can only provide organic resources, as the extremely dense vegetation cover hides the entire surface.		A scary thing. You can swim a little bit into the thickness of  mangrove-like organisms and find some artifacts. But ship can be attacked from local fauna in very narrow creek		
Biome_27	Necroterra Island	Buoyant	Temperate, Shallow, Rocky	Uncommon		8.0	Small - 70% Tiny - 30%	Mid			Necroterra is the Island of Fossilized Giants, made up entirely of the fossilised remains of colossal ancient creatures. The bones are naturally intertwined, creating a labyrinth of skeletal structures. Coral-like growths suggest that these creatures once lived in the sea, but died out for unknown reasons. The island glows faintly at night due to bioluminescent algae covering the bones. Massive rib cages arch into the sky, while skulls and spines form jagged cliffs.				
Biome_28	Arborial Roots	Buoyant	Temperate, Rocky	Rare		6.0		Small	Conductive Metals, Thickets		The Arborial Roots are a mesmerising network of ancient floating forests, suspended above the ocean's surface by their magnetic properties. The massive trees have evolved over millennia, their roots absorbing mineral-rich water infused with magnetic compounds, allowing the islands to float. The floating forests drift slowly across the planet's oceans, propelled by natural magnetic currents. There is no land under or on them, and the main framework of the island is made up of intertwined roots.		A floating island can latch onto the ship with its roots and be dragged along, significantly reducing the speed. Additional acceleration is required to break free.		
Biome_29	Mud volcanoes	Island	Volcanic	Rare		6.0	Small - 30% Mid - 70%	Small, Mid			Mud Volcano Islands are unique geological formations characterized by the presence of active or dormant mud volcanoes. These islands are shaped by the constant expulsion of mud, gases, and water from the subsurface, creating mounds and cones of wet, clay-rich material. The landscape is dynamic and constantly changing, with new mud flows altering the island's appearance over time. Vegetation is generally sparse. The constant activity and unusual terrain make Mud Volcano Islands a fascinating subject for geological and environmental studies. These islands often harbor unique microbial life adapted to the harsh, volatile environment, offering additional avenues for scientific exploration.		It's hard to get close, so you have to shoot the capsules from a long distance		
Biome_30	Ragnam Island	Island	Temperate, Deep Sea, Rocky	Uncommon		8.0	Small - 30% Mid - 70%	Mid, Small			Lichen islands are unique ecosystems where the primary vegetation consists entirely of lichens. These islands are characterized by rocky surfaces that are densely covered with a variety of lichen species of different colors and textures. The islands tend to have a barren, otherworldly appearance, with resilient lichens clinging to every available surface, from rocky outcrops to gravelly soils. Although mineral resources are limited, the islands' unique biological landscape provides valuable data for research.	Ragnam Island	The alien organisms will release a giant cloud of acidic spores if disturbed		
Biome_31	Supergravitational islands	Hovering	Temperate, Shallow, Deep Sea, Rocky	Rare		6.0		Small					Hard to land a capsule. Strange creatures nearby.		
Biome_32	Cavern Island	Island	Rocky	Unique		2.0		Big			Cavern Island is distinguished by its enormous sea caves that delve deep into the island's core. These vast, natural caverns are formed by the relentless action of ocean waves over millennia, creating awe-inspiring underground landscapes. The caves are often filled with intricate rock formations, stalactites, and stalagmites. The unique geological features of Cavern Island make it a prime location for scientific study. The sea caves provide a sheltered environment for a variety of unique organism. While mineral resources are not the primary attraction, the island's cavernous interior holds immense scientific value.		A little adventure inside the cave (aggressive locals, falling stalactites, etc.).		
Biome_33	Crystal island	Island	Polar, Rocky	Rare		6.0		Small			Crystal Island is a mesmerizing island that contain abundant crystalline formations. These islands are dotted with large, luminous crystals that jut out from the ground, creating a glittering landscape that captivates the eye. The crystals vary in size, shape, and color, forming stunning natural sculptures that dominate the terrain. The unique geological environment of Crystal Island provides valuable opportunities for scientific research. Vegetation on Crystal Island is sparse, with only a few hardy species able to thrive in the rocky soil. The island's is rich in different minerals.		The strange-looking island features crystals that can be destroyed to gain valuable resources or artifacts.		
Biome_34	Buoyant city	Buoyant	Tropical, Desert, Temperate	Rare		6.0					RT - Artificial islands, range from new structures to the remnants of an ancient, unknown civilisation. These biomes tell stories of ingenuity and collapse, with each island offering clues to the purpose of its builders. The islands are a mix of steel, stone and overgrown vegetation. Some structures remain functional, while others have been overtaken by nature, with vines and moss creeping through the cracks. Broken machinery lies scattered across the site.	RT	Event		
Biome_35	Single-ore island	Island	Volcanic, Polar	Uncommon		8.0		Tiny			Single-Ore Islands are tiny landmasses almost entirely covered by deposits of a single type of mineral. The peculiar composition of these islands suggests the possibility of artificial origins, hinting at advanced, unknown technologies that could create such formations. These islands are of great interest for geological and archaeological research, offering a concentrated source of valuable minerals and a mystery about their creation. The scarcity of vegetation and other natural features highlights the dominance of the mineral deposits, making these islands a unique and intriguing anomaly in the planetary surface.				
Biome_36	Canyon island	Island	Desert	Unique		2.0		Big			Canyon Island is a landmass divided by a massive canyon. This geological wonder features steep, towering walls and a winding chasm that bisects the island. The canyon itself hosts a unique microenvironment, with its own set of flora and fauna adapted to the steep, sheltered slopes and varying moisture levels. The walls of the canyon often reveal rich geological strata, offering valuable insights into the island's history and the planet's geological processes. Mineral resources can be found within the canyon.		The player has to navigate the ship inside the canyon to gather resources		
Biome_37	Fjords	Island	Rocky	Exotic		4.0		Big			Fjord Islands are massive landforms, featuring deep, winding fjords that create a stunning labyrinthine coastline. These dramatic inlets and valleys offer diverse ecosystems, each with unique microhabitats. Venturing into the fjords reveals hidden areas rich in mineral resources. The unique topography and geological history of Fjord Islands provide great scientific value. Their dramatic landscapes and rich natural resources make them essential sites for both research and exploration.		The player has to navigate through a narrow fjord to collect valuable resources inside		
removed	High currents	Sea	Deep Sea	Common		10.0		Mid							
removed	Stormy waters	Sea	Deep Sea	Exotic		4.0		Mid					Compact anomalous storm		
removed	Windy planes	Sea	Deep Sea, Rocky	Common		10.0		Mid							
removed	Hydrothermal Vents	Sea	Deep Sea	Exotic		4.0		Mid					Underwater event		
removed	Deep sea cave systems	Sea	Deep Sea	Unique		2.0		Mid					Underwater event		
removed	"Whale Falls"	Sea	Deep Sea	Exotic		4.0		Mid					Underwater event		
removed	Centers of gyres	Sea	Deep Sea	Exotic		4.0		Mid					A vortex that attracts some floating resources to the center. You need to accelerate and maneuver to escape.		
removed	Anemone fields	Sea	Deep Sea, Shallow	Rare		6.0		Mid				Underwater event	Nice looking underwater event		
removed	Sea river	Sea	Deep Sea, Rocky	Rare		6.0		Mid			An underwater sea river is a rare phenomenon and currently has no explanation for its formation in the open sea. Such rivers carry a lot of organic resources and can form mineral deposits. They require underwater vehicles for exploration.		Unberwater event		
